{"SystemDesign": {"dc_ac_ratio": 1.099763203738581, "subarray1_azimuth": 206.71586072364482, "subarray1_tilt": 31.6807298862223, "system_capacity": 100000, "subarray1_track_mode": 1, "subarray1_nstrings": 26881, "inverter_count": 1515}, "BatterySystem": {"en_batt": 0}}